-- phpMyAdmin SQL Dump
-- version 5.2.1
-- https://www.phpmyadmin.net/
--
-- Host: localhost:3307
-- Generation Time: Oct 15, 2025 at 06:50 AM
-- Server version: 10.4.32-MariaDB
-- PHP Version: 8.0.30

SET SQL_MODE = "NO_AUTO_VALUE_ON_ZERO";
START TRANSACTION;
SET time_zone = "+00:00";


/*!40101 SET @OLD_CHARACTER_SET_CLIENT=@@CHARACTER_SET_CLIENT */;
/*!40101 SET @OLD_CHARACTER_SET_RESULTS=@@CHARACTER_SET_RESULTS */;
/*!40101 SET @OLD_COLLATION_CONNECTION=@@COLLATION_CONNECTION */;
/*!40101 SET NAMES utf8mb4 */;

--
-- Database: `timetable_db`
--

-- --------------------------------------------------------

--
-- Table structure for table `classes`
--

CREATE TABLE `classes` (
  `id` int(11) NOT NULL,
  `teacher_id` int(11) NOT NULL,
  `subject` varchar(150) NOT NULL,
  `day` varchar(20) NOT NULL,
  `start_time` time NOT NULL,
  `end_time` time NOT NULL
) ENGINE=InnoDB DEFAULT CHARSET=utf8mb4 COLLATE=utf8mb4_general_ci;

--
-- Dumping data for table `classes`
--

INSERT INTO `classes` (`id`, `teacher_id`, `subject`, `day`, `start_time`, `end_time`) VALUES
(39, 1, 'Vocational', 'Monday', '09:00:00', '10:00:00'),
(40, 1, 'Vocational', 'Monday', '10:00:00', '11:00:00'),
(41, 1, 'Vocational', 'Tuesday', '09:00:00', '10:00:00'),
(42, 1, 'Vocational', 'Tuesday', '10:00:00', '11:00:00'),
(43, 1, 'OT', 'Tuesday', '14:00:00', '15:00:00'),
(44, 1, 'OT', 'Wednesday', '14:00:00', '15:00:00'),
(45, 1, 'OT', 'Thursday', '14:00:00', '15:00:00'),
(46, 1, 'PBL', 'Wednesday', '09:00:00', '10:00:00'),
(47, 1, 'English', 'Wednesday', '10:00:00', '11:00:00'),
(48, 1, 'OT', 'Wednesday', '15:00:00', '16:00:00'),
(49, 1, 'OT', 'Thursday', '15:00:00', '16:00:00'),
(50, 1, 'PBL', 'Thursday', '09:00:00', '10:00:00'),
(51, 1, 'English', 'Thursday', '12:00:00', '13:00:00'),
(53, 2, 'BM', 'Monday', '12:00:00', '13:00:00'),
(54, 2, 'BM', 'Tuesday', '12:00:00', '13:00:00'),
(55, 2, 'BM', 'Tuesday', '11:00:00', '12:00:00'),
(56, 2, 'Iqra\'', 'Wednesday', '11:00:00', '12:00:00'),
(57, 2, 'Iqra\'', 'Thursday', '11:00:00', '12:00:00'),
(58, 2, 'Isl.edu', 'Thursday', '10:00:00', '11:00:00'),
(60, 2, 'Iqra\'', 'Friday', '09:00:00', '10:00:00'),
(61, 3, 'English', 'Monday', '09:00:00', '10:00:00'),
(62, 3, 'English', 'Monday', '10:00:00', '11:00:00'),
(63, 3, 'Group Play', 'Monday', '11:00:00', '12:00:00'),
(64, 3, 'Game', 'Monday', '14:00:00', '15:00:00'),
(65, 3, 'Social Learning', 'Tuesday', '09:00:00', '10:00:00'),
(66, 3, 'English', 'Tuesday', '10:00:00', '11:00:00'),
(67, 3, 'Music & Movement', 'Tuesday', '11:00:00', '12:00:00'),
(68, 3, 'Group Play', 'Tuesday', '14:00:00', '15:00:00'),
(69, 3, 'Group Play', 'Tuesday', '15:00:00', '16:00:00'),
(70, 3, 'Music', 'Wednesday', '09:00:00', '10:00:00'),
(71, 3, 'English', 'Wednesday', '10:00:00', '11:00:00'),
(72, 3, 'Social Learning', 'Wednesday', '11:00:00', '12:00:00'),
(73, 3, 'Social Learning', 'Wednesday', '14:00:00', '15:00:00'),
(74, 3, 'Social Learning', 'Thursday', '09:00:00', '10:00:00'),
(75, 3, 'English', 'Thursday', '10:00:00', '11:00:00'),
(76, 3, 'Social Learning', 'Thursday', '11:00:00', '12:00:00'),
(77, 3, 'Group Play', 'Thursday', '14:00:00', '15:00:00'),
(78, 3, 'Group Play', 'Thursday', '15:00:00', '16:00:00'),
(79, 3, 'English', 'Friday', '09:00:00', '10:00:00'),
(80, 3, 'English', 'Friday', '10:00:00', '11:00:00'),
(81, 3, 'Social Learning', 'Friday', '11:00:00', '12:00:00'),
(82, 4, 'Social Learning', 'Monday', '09:00:00', '10:00:00'),
(83, 4, 'Social Learning', 'Monday', '10:00:00', '11:00:00'),
(84, 4, 'Group Play', 'Monday', '11:00:00', '12:00:00'),
(85, 4, 'Social Learning', 'Monday', '14:00:00', '15:00:00'),
(86, 4, 'Social Learning', 'Monday', '15:00:00', '16:00:00'),
(87, 4, 'Music & Movement', 'Tuesday', '09:00:00', '10:00:00'),
(88, 4, 'Social Learning', 'Tuesday', '10:00:00', '11:00:00'),
(89, 4, 'Social Learning', 'Tuesday', '11:00:00', '12:00:00'),
(90, 4, 'Group Play', 'Tuesday', '14:00:00', '15:00:00'),
(91, 4, 'Social Learning', 'Wednesday', '09:00:00', '10:00:00'),
(92, 4, 'Social Learning', 'Wednesday', '10:00:00', '11:00:00'),
(93, 4, 'Social Learning', 'Wednesday', '11:00:00', '12:00:00'),
(94, 4, 'Music & Movement', 'Wednesday', '14:00:00', '15:00:00'),
(95, 4, 'Social Learning', 'Wednesday', '15:00:00', '16:00:00'),
(96, 4, 'Game', 'Thursday', '09:00:00', '10:00:00'),
(97, 4, 'Social Play', 'Thursday', '10:00:00', '11:00:00'),
(98, 4, 'Social Learning', 'Thursday', '11:00:00', '12:00:00'),
(99, 4, 'Group Play', 'Thursday', '14:00:00', '15:00:00'),
(100, 4, 'Social Learning', 'Friday', '09:00:00', '10:00:00'),
(101, 4, 'Social Play', 'Friday', '10:00:00', '11:00:00'),
(102, 4, 'Social Play', 'Friday', '11:00:00', '12:00:00'),
(103, 5, 'Maths', 'Monday', '09:00:00', '10:00:00'),
(104, 5, 'Science', 'Monday', '10:00:00', '11:00:00'),
(105, 5, 'Maths', 'Monday', '11:00:00', '12:00:00'),
(106, 5, 'Science', 'Monday', '14:00:00', '15:00:00'),
(107, 5, 'Science', 'Tuesday', '09:00:00', '10:00:00'),
(108, 5, 'Science', 'Tuesday', '10:00:00', '11:00:00'),
(109, 5, 'Science', 'Tuesday', '11:00:00', '12:00:00'),
(110, 5, 'Public Speaking', 'Tuesday', '14:00:00', '15:00:00'),
(111, 5, 'Maths', 'Tuesday', '15:00:00', '16:00:00'),
(112, 5, 'Maths', 'Wednesday', '09:00:00', '10:00:00'),
(113, 5, 'Game', 'Wednesday', '10:00:00', '11:00:00'),
(114, 5, 'Maths', 'Wednesday', '11:00:00', '12:00:00'),
(115, 5, 'Science', 'Wednesday', '14:00:00', '15:00:00'),
(116, 5, 'Maths', 'Thursday', '09:00:00', '10:00:00'),
(117, 5, 'Science', 'Thursday', '10:00:00', '11:00:00'),
(118, 5, 'Maths', 'Thursday', '11:00:00', '12:00:00'),
(119, 5, 'Financial Literacy', 'Thursday', '14:00:00', '15:00:00'),
(120, 5, 'Science', 'Friday', '09:00:00', '10:00:00'),
(121, 5, 'Maths', 'Friday', '10:00:00', '11:00:00'),
(122, 5, 'Maths', 'Friday', '11:00:00', '12:00:00'),
(123, 6, 'OT', 'Monday', '09:00:00', '10:00:00'),
(124, 6, 'OT', 'Monday', '10:00:00', '11:00:00'),
(125, 6, 'OT', 'Monday', '11:00:00', '12:00:00'),
(126, 6, 'OT', 'Monday', '12:00:00', '13:00:00'),
(127, 6, 'OT', 'Monday', '14:00:00', '15:00:00'),
(128, 6, 'OT', 'Monday', '15:00:00', '16:00:00'),
(129, 6, 'OT', 'Tuesday', '09:00:00', '10:00:00'),
(130, 6, 'OT', 'Tuesday', '10:00:00', '11:00:00'),
(131, 6, 'OT', 'Tuesday', '11:00:00', '12:00:00'),
(132, 6, 'OT', 'Tuesday', '12:00:00', '13:00:00'),
(133, 6, 'OT', 'Tuesday', '14:00:00', '15:00:00'),
(134, 6, 'OT', 'Tuesday', '15:00:00', '16:00:00'),
(135, 6, 'OT', 'Wednesday', '09:00:00', '10:00:00'),
(136, 6, 'OT', 'Thursday', '09:00:00', '10:00:00'),
(137, 6, 'OT', 'Friday', '09:00:00', '10:00:00'),
(138, 6, 'OT', 'Wednesday', '10:00:00', '11:00:00'),
(139, 6, 'OT', 'Thursday', '10:00:00', '11:00:00'),
(140, 6, 'OT', 'Friday', '10:00:00', '11:00:00'),
(141, 6, 'OT', 'Wednesday', '11:00:00', '12:00:00'),
(142, 6, 'OT', 'Thursday', '11:00:00', '12:00:00'),
(143, 6, 'OT', 'Friday', '11:00:00', '12:00:00'),
(144, 6, 'OT', 'Wednesday', '12:00:00', '13:00:00'),
(145, 6, 'OT', 'Thursday', '12:00:00', '13:00:00'),
(146, 6, 'OT', 'Friday', '12:00:00', '13:00:00'),
(147, 6, 'OT', 'Wednesday', '14:00:00', '15:00:00'),
(148, 6, 'OT', 'Thursday', '14:00:00', '15:00:00'),
(149, 6, 'OT', 'Thursday', '15:00:00', '16:00:00'),
(150, 7, 'OT', 'Monday', '09:00:00', '10:00:00'),
(151, 7, 'OT', 'Monday', '10:00:00', '11:00:00'),
(152, 7, 'OT', 'Monday', '11:00:00', '12:00:00'),
(153, 7, 'OT', 'Monday', '12:00:00', '13:00:00'),
(154, 7, 'OT', 'Monday', '14:00:00', '15:00:00'),
(155, 7, 'OT', 'Monday', '15:00:00', '16:00:00'),
(156, 7, 'OT', 'Tuesday', '09:00:00', '10:00:00'),
(157, 7, 'OT', 'Tuesday', '10:00:00', '11:00:00'),
(158, 7, 'OT', 'Tuesday', '11:00:00', '12:00:00'),
(159, 7, 'OT', 'Tuesday', '14:00:00', '15:00:00'),
(160, 7, 'OT', 'Tuesday', '15:00:00', '16:00:00'),
(161, 7, 'OT', 'Wednesday', '09:00:00', '10:00:00'),
(162, 7, 'OT', 'Thursday', '09:00:00', '10:00:00'),
(163, 7, 'OT', 'Friday', '09:00:00', '10:00:00'),
(164, 7, 'OT', 'Wednesday', '10:00:00', '11:00:00'),
(165, 7, 'OT', 'Friday', '10:00:00', '11:00:00'),
(166, 7, 'OT', 'Wednesday', '11:00:00', '12:00:00'),
(167, 7, 'OT', 'Thursday', '11:00:00', '12:00:00'),
(168, 7, 'OT', 'Friday', '11:00:00', '12:00:00'),
(169, 7, 'OT', 'Friday', '12:00:00', '13:00:00'),
(170, 7, 'OT', 'Wednesday', '14:00:00', '15:00:00'),
(171, 7, 'OT', 'Wednesday', '15:00:00', '16:00:00'),
(172, 7, 'OT', 'Thursday', '14:00:00', '15:00:00'),
(173, 7, 'OT', 'Thursday', '15:00:00', '16:00:00'),
(174, 8, 'PT', 'Monday', '09:00:00', '10:00:00'),
(175, 8, 'PT', 'Monday', '10:00:00', '11:00:00'),
(176, 8, 'PT', 'Monday', '11:00:00', '12:00:00'),
(177, 8, '', 'Monday', '00:00:00', '00:00:00'),
(178, 8, 'PT', 'Monday', '15:00:00', '16:00:00'),
(179, 8, 'PT', 'Tuesday', '15:00:00', '16:00:00'),
(180, 8, 'PT', 'Wednesday', '15:00:00', '16:00:00'),
(181, 8, 'PT', 'Thursday', '15:00:00', '16:00:00'),
(182, 8, 'PT', 'Tuesday', '11:00:00', '12:00:00'),
(183, 8, 'PT', 'Wednesday', '11:00:00', '12:00:00'),
(184, 8, 'PT', 'Thursday', '11:00:00', '12:00:00'),
(185, 8, 'PT', 'Friday', '11:00:00', '12:00:00'),
(186, 8, 'PT', 'Tuesday', '10:00:00', '11:00:00'),
(187, 8, 'PT', 'Thursday', '10:00:00', '11:00:00'),
(188, 8, 'PT', 'Wednesday', '10:00:00', '11:00:00'),
(189, 8, 'PT', 'Friday', '10:00:00', '11:00:00'),
(190, 8, 'PT', 'Tuesday', '09:00:00', '10:00:00'),
(191, 8, 'PT', 'Wednesday', '09:00:00', '10:00:00'),
(192, 8, 'PT', 'Friday', '09:00:00', '10:00:00'),
(193, 9, 'PT', 'Monday', '10:00:00', '11:00:00'),
(194, 9, 'PT', 'Tuesday', '10:00:00', '11:00:00'),
(195, 9, 'PT', 'Wednesday', '10:00:00', '11:00:00'),
(196, 9, 'PT', 'Thursday', '10:00:00', '11:00:00'),
(197, 9, 'PT', 'Friday', '10:00:00', '11:00:00'),
(198, 9, 'PT', 'Monday', '11:00:00', '12:00:00'),
(199, 9, 'PT', 'Tuesday', '11:00:00', '12:00:00'),
(200, 9, 'PT', 'Wednesday', '11:00:00', '12:00:00'),
(201, 9, 'PT', 'Thursday', '11:00:00', '12:00:00'),
(202, 9, 'PT', 'Friday', '11:00:00', '12:00:00'),
(203, 9, 'PT', 'Monday', '12:00:00', '13:00:00'),
(204, 9, 'PT', 'Tuesday', '12:00:00', '13:00:00'),
(205, 9, 'PT', 'Wednesday', '12:00:00', '13:00:00'),
(206, 9, 'PT', 'Thursday', '12:00:00', '13:00:00'),
(207, 9, 'PT', 'Friday', '12:00:00', '13:00:00'),
(208, 9, 'PT', 'Monday', '15:00:00', '16:00:00'),
(209, 9, 'PT', 'Tuesday', '15:00:00', '16:00:00'),
(210, 9, 'PT', 'Wednesday', '15:00:00', '16:00:00'),
(211, 9, 'PT', 'Thursday', '15:00:00', '16:00:00'),
(213, 9, 'PT', 'Tuesday', '14:00:00', '15:00:00'),
(214, 10, 'PT', 'Wednesday', '09:00:00', '10:00:00'),
(215, 10, 'PT', 'Monday', '10:00:00', '11:00:00'),
(216, 10, 'PT', 'Tuesday', '10:00:00', '11:00:00'),
(217, 10, 'PT', 'Wednesday', '10:00:00', '11:00:00'),
(218, 10, 'PT', 'Thursday', '10:00:00', '11:00:00'),
(219, 10, 'PT', 'Friday', '10:00:00', '11:00:00'),
(220, 10, 'PT', 'Wednesday', '11:00:00', '12:00:00'),
(221, 10, 'PT', 'Tuesday', '11:00:00', '12:00:00'),
(222, 10, 'PT', 'Thursday', '11:00:00', '12:00:00'),
(223, 10, 'PT', 'Friday', '11:00:00', '12:00:00'),
(224, 10, 'PT', 'Monday', '13:00:00', '14:00:00'),
(225, 10, 'PT', 'Tuesday', '13:00:00', '14:00:00'),
(226, 10, 'PT', 'Wednesday', '13:00:00', '14:00:00'),
(227, 10, 'PT', 'Thursday', '13:00:00', '14:00:00'),
(228, 10, 'PT', 'Friday', '13:00:00', '14:00:00'),
(229, 10, 'PT', 'Monday', '14:00:00', '15:00:00'),
(230, 10, 'PT', 'Tuesday', '14:00:00', '15:00:00'),
(231, 10, 'PT', 'Wednesday', '14:00:00', '15:00:00'),
(232, 10, 'PT', 'Thursday', '14:00:00', '15:00:00'),
(233, 10, 'PT', 'Monday', '15:00:00', '16:00:00'),
(234, 10, 'PT', 'Tuesday', '15:00:00', '16:00:00'),
(235, 10, 'PT', 'Wednesday', '15:00:00', '16:00:00'),
(236, 10, 'PT', 'Thursday', '15:00:00', '16:00:00'),
(237, 11, 'Homework', 'Friday', '09:00:00', '10:00:00'),
(239, 11, 'Educational Videos', 'Friday', '10:00:00', '11:00:00'),
(240, 11, 'Social Play', 'Monday', '14:00:00', '15:00:00'),
(241, 11, 'Social Play', 'Tuesday', '12:00:00', '13:00:00'),
(242, 11, 'Social Play', 'Wednesday', '12:00:00', '13:00:00'),
(243, 11, 'Social Play', 'Thursday', '12:00:00', '13:00:00'),
(244, 2, 'Isl.Edu', 'Friday', '10:00:00', '11:00:00'),
(245, 10, 'PT', 'Monday', '11:00:00', '12:00:00'),
(246, 11, 'Cycling', 'Friday', '11:00:00', '12:00:00'),
(247, 8, 'PT', 'Thursday', '12:00:00', '13:00:00'),
(248, 8, 'PT', 'Friday', '12:00:00', '13:00:00'),
(249, 11, 'Cycling', 'Monday', '11:00:00', '12:00:00'),
(250, 11, 'Digital Literacy', 'Monday', '15:00:00', '16:00:00'),
(251, 11, 'Digital Literacy', 'Tuesday', '15:00:00', '16:00:00'),
(252, 11, 'Marketing Session', 'Wednesday', '14:00:00', '15:00:00'),
(253, 11, 'Digital Literacy', 'Monday', '09:00:00', '10:00:00'),
(254, 11, 'Homework', 'Wednesday', '13:00:00', '14:00:00'),
(255, 11, 'Homework', 'Thursday', '13:00:00', '14:00:00'),
(256, 7, 'OT', 'Thursday', '10:00:00', '11:00:00'),
(257, 11, 'Handwriting Practice', 'Wednesday', '09:00:00', '10:00:00'),
(258, 11, 'Reading', 'Thursday', '11:00:00', '12:00:00'),
(259, 12, 'Handwriting Practice', 'Friday', '09:00:00', '10:00:00'),
(260, 11, 'Social Play', 'Monday', '13:00:00', '14:00:00'),
(261, 11, 'Social Play', 'Tuesday', '13:00:00', '14:00:00'),
(262, 12, 'Social Play', 'Wednesday', '13:00:00', '14:00:00'),
(263, 12, 'Social Play', 'Thursday', '13:00:00', '14:00:00'),
(264, 12, 'Educational Video', 'Friday', '11:00:00', '12:00:00'),
(265, 11, 'Social Play', 'Friday', '13:00:00', '14:00:00'),
(266, 11, 'Typing / Homework', 'Tuesday', '14:00:00', '15:00:00'),
(267, 11, 'ADL', 'Thursday', '09:00:00', '10:00:00'),
(268, 13, 'Watering Plant', 'Friday', '09:00:00', '10:00:00'),
(269, 11, 'Music', 'Thursday', '14:00:00', '15:00:00'),
(270, 12, 'Standing', 'Monday', '11:00:00', '12:00:00'),
(271, 12, 'Standing', 'Tuesday', '11:00:00', '12:00:00'),
(272, 12, 'Standing', 'Wednesday', '11:00:00', '12:00:00'),
(273, 12, 'Standing', 'Thursday', '11:00:00', '12:00:00'),
(274, 13, 'Standing', 'Friday', '11:00:00', '12:00:00'),
(275, 11, 'Freeplay', 'Wednesday', '11:00:00', '12:00:00'),
(276, 11, 'Cycling', 'Tuesday', '11:00:00', '12:00:00');

-- --------------------------------------------------------

--
-- Table structure for table `class_students`
--

CREATE TABLE `class_students` (
  `id` int(11) NOT NULL,
  `class_id` int(11) NOT NULL,
  `student_id` int(11) NOT NULL
) ENGINE=InnoDB DEFAULT CHARSET=utf8mb4 COLLATE=utf8mb4_general_ci;

--
-- Dumping data for table `class_students`
--

INSERT INTO `class_students` (`id`, `class_id`, `student_id`) VALUES
(82, 53, 2),
(83, 54, 2),
(84, 55, 3),
(85, 56, 5),
(86, 57, 2),
(87, 58, 1),
(88, 58, 3),
(90, 60, 1),
(96, 64, 12),
(97, 64, 8),
(98, 64, 11),
(102, 67, 5),
(103, 67, 14),
(109, 70, 13),
(110, 70, 9),
(138, 87, 11),
(139, 87, 10),
(179, 96, 13),
(180, 96, 11),
(181, 96, 10),
(182, 94, 8),
(183, 94, 11),
(184, 94, 12),
(187, 113, 13),
(188, 113, 10),
(189, 113, 5),
(255, 177, 13),
(317, 237, 4),
(319, 122, 4),
(320, 80, 4),
(323, 61, 5),
(324, 61, 11),
(325, 83, 17),
(326, 83, 5),
(327, 153, 5),
(328, 240, 5),
(329, 208, 5),
(330, 241, 5),
(331, 43, 5),
(332, 209, 5),
(333, 210, 5),
(334, 211, 5),
(335, 44, 5),
(336, 45, 5),
(337, 112, 5),
(338, 112, 11),
(339, 242, 5),
(340, 243, 5),
(341, 169, 5),
(343, 244, 2),
(344, 48, 1),
(345, 49, 1),
(346, 51, 1),
(347, 46, 1),
(348, 46, 4),
(349, 47, 1),
(350, 50, 1),
(351, 50, 4),
(352, 123, 12),
(353, 124, 11),
(354, 125, 10),
(355, 126, 8),
(356, 127, 13),
(357, 128, 2),
(358, 129, 12),
(359, 130, 11),
(360, 131, 10),
(361, 132, 8),
(362, 133, 13),
(363, 134, 20),
(364, 135, 12),
(365, 138, 11),
(366, 141, 10),
(367, 144, 8),
(368, 147, 13),
(369, 136, 12),
(370, 139, 11),
(371, 142, 10),
(372, 145, 8),
(373, 148, 13),
(374, 149, 2),
(375, 137, 12),
(376, 140, 11),
(377, 143, 10),
(378, 146, 8),
(380, 84, 14),
(381, 84, 9),
(382, 85, 9),
(383, 85, 15),
(384, 86, 12),
(385, 86, 8),
(386, 88, 17),
(387, 88, 9),
(388, 89, 12),
(389, 89, 9),
(390, 90, 12),
(391, 90, 8),
(392, 91, 8),
(393, 92, 9),
(394, 92, 17),
(395, 93, 12),
(396, 95, 12),
(397, 95, 8),
(398, 97, 10),
(399, 97, 9),
(400, 98, 14),
(401, 98, 5),
(402, 99, 9),
(403, 99, 15),
(404, 100, 8),
(405, 100, 9),
(406, 102, 12),
(407, 102, 5),
(408, 193, 8),
(409, 198, 11),
(410, 203, 9),
(411, 213, 20),
(412, 194, 8),
(413, 199, 11),
(414, 204, 9),
(415, 205, 9),
(416, 195, 8),
(417, 200, 11),
(418, 196, 8),
(419, 201, 11),
(420, 206, 9),
(421, 197, 8),
(422, 202, 11),
(423, 207, 9),
(424, 150, 14),
(425, 151, 9),
(426, 152, 17),
(427, 154, 3),
(428, 155, 15),
(429, 160, 15),
(430, 159, 3),
(431, 158, 17),
(432, 157, 4),
(433, 156, 9),
(434, 161, 14),
(435, 164, 16),
(436, 166, 17),
(437, 170, 3),
(438, 171, 15),
(439, 172, 3),
(440, 173, 15),
(441, 167, 9),
(442, 162, 14),
(443, 163, 14),
(444, 165, 16),
(445, 168, 9),
(446, 62, 10),
(447, 63, 12),
(448, 63, 13),
(449, 65, 8),
(450, 65, 14),
(451, 66, 3),
(452, 68, 15),
(453, 68, 9),
(454, 68, 11),
(455, 71, 4),
(456, 72, 13),
(457, 72, 14),
(458, 73, 9),
(459, 73, 15),
(460, 74, 8),
(461, 74, 9),
(462, 75, 13),
(463, 76, 12),
(464, 78, 12),
(465, 78, 8),
(466, 79, 16),
(467, 81, 14),
(468, 103, 10),
(469, 104, 4),
(470, 105, 4),
(472, 106, 2),
(473, 107, 3),
(474, 107, 4),
(475, 108, 10),
(476, 109, 13),
(477, 110, 1),
(478, 111, 2),
(479, 114, 16),
(480, 115, 16),
(481, 116, 3),
(482, 117, 2),
(483, 118, 13),
(484, 119, 1),
(485, 119, 4),
(486, 120, 5),
(487, 120, 11),
(488, 121, 10),
(489, 245, 5),
(490, 215, 12),
(491, 224, 15),
(492, 229, 10),
(493, 233, 3),
(494, 216, 12),
(495, 221, 4),
(496, 225, 15),
(497, 230, 10),
(498, 234, 3),
(499, 214, 16),
(500, 217, 12),
(501, 220, 4),
(502, 226, 15),
(503, 231, 10),
(504, 235, 3),
(505, 218, 12),
(506, 222, 4),
(507, 227, 15),
(508, 232, 10),
(509, 236, 3),
(510, 219, 12),
(511, 223, 16),
(512, 228, 15),
(513, 174, 17),
(514, 175, 14),
(515, 176, 1),
(516, 178, 13),
(517, 190, 17),
(518, 186, 14),
(519, 182, 1),
(520, 179, 13),
(521, 191, 17),
(522, 188, 14),
(523, 183, 1),
(524, 180, 13),
(525, 187, 14),
(526, 184, 1),
(527, 181, 13),
(529, 189, 14),
(530, 185, 1),
(531, 239, 5),
(532, 246, 2),
(533, 247, 2),
(534, 248, 2),
(535, 249, 2),
(536, 250, 1),
(537, 251, 1),
(539, 252, 1),
(540, 252, 4),
(541, 253, 4),
(542, 254, 4),
(543, 255, 4),
(544, 256, 4),
(545, 257, 10),
(546, 258, 3),
(547, 77, 12),
(548, 77, 8),
(549, 77, 11),
(550, 259, 10),
(557, 39, 1),
(558, 39, 2),
(559, 39, 13),
(560, 40, 1),
(561, 40, 2),
(562, 40, 13),
(563, 42, 1),
(564, 42, 2),
(565, 42, 13),
(566, 41, 1),
(567, 41, 2),
(568, 41, 13),
(578, 192, 13),
(579, 264, 13),
(581, 266, 2),
(582, 267, 2),
(583, 268, 2),
(584, 269, 2),
(585, 270, 8),
(586, 271, 8),
(587, 272, 8),
(588, 273, 8),
(589, 274, 8),
(590, 260, 11),
(591, 260, 13),
(592, 260, 12),
(593, 261, 11),
(594, 261, 13),
(595, 261, 12),
(596, 265, 13),
(597, 265, 12),
(598, 262, 11),
(599, 262, 16),
(600, 262, 13),
(601, 262, 12),
(602, 263, 11),
(603, 263, 13),
(604, 263, 12),
(605, 69, 12),
(606, 69, 8),
(607, 275, 9),
(608, 101, 13),
(609, 101, 9),
(610, 82, 8),
(611, 82, 9),
(612, 276, 2);

-- --------------------------------------------------------

--
-- Table structure for table `students`
--

CREATE TABLE `students` (
  `id` int(11) NOT NULL,
  `name` varchar(150) NOT NULL
) ENGINE=InnoDB DEFAULT CHARSET=utf8mb4 COLLATE=utf8mb4_general_ci;

--
-- Dumping data for table `students`
--

INSERT INTO `students` (`id`, `name`) VALUES
(1, 'Janna'),
(2, 'Hayder'),
(3, 'Ammar'),
(4, 'Nikhil'),
(5, 'Zafrul'),
(8, 'Daniel'),
(9, 'Hud'),
(10, 'Jared'),
(11, 'Maya'),
(12, 'Luqman'),
(13, 'Aina'),
(14, 'Izz'),
(15, 'Israq'),
(16, 'Aaqil'),
(17, 'Adam'),
(20, 'Adli');

-- --------------------------------------------------------

--
-- Table structure for table `teachers`
--

CREATE TABLE `teachers` (
  `id` int(11) NOT NULL,
  `name` varchar(150) NOT NULL
) ENGINE=InnoDB DEFAULT CHARSET=utf8mb4 COLLATE=utf8mb4_general_ci;

--
-- Dumping data for table `teachers`
--

INSERT INTO `teachers` (`id`, `name`) VALUES
(1, 'Hidayah'),
(2, 'Izzat'),
(3, 'Pracila'),
(4, 'Kasture'),
(5, 'Sarah'),
(6, 'Iffah'),
(7, 'Najihah'),
(8, 'Syara'),
(9, 'Nadia'),
(10, 'Serena'),
(11, '**'),
(12, '**'),
(13, '**');

--
-- Indexes for dumped tables
--

--
-- Indexes for table `classes`
--
ALTER TABLE `classes`
  ADD PRIMARY KEY (`id`),
  ADD KEY `teacher_id` (`teacher_id`);

--
-- Indexes for table `class_students`
--
ALTER TABLE `class_students`
  ADD PRIMARY KEY (`id`),
  ADD KEY `class_id` (`class_id`),
  ADD KEY `student_id` (`student_id`);

--
-- Indexes for table `students`
--
ALTER TABLE `students`
  ADD PRIMARY KEY (`id`);

--
-- Indexes for table `teachers`
--
ALTER TABLE `teachers`
  ADD PRIMARY KEY (`id`);

--
-- AUTO_INCREMENT for dumped tables
--

--
-- AUTO_INCREMENT for table `classes`
--
ALTER TABLE `classes`
  MODIFY `id` int(11) NOT NULL AUTO_INCREMENT, AUTO_INCREMENT=277;

--
-- AUTO_INCREMENT for table `class_students`
--
ALTER TABLE `class_students`
  MODIFY `id` int(11) NOT NULL AUTO_INCREMENT, AUTO_INCREMENT=613;

--
-- AUTO_INCREMENT for table `students`
--
ALTER TABLE `students`
  MODIFY `id` int(11) NOT NULL AUTO_INCREMENT, AUTO_INCREMENT=21;

--
-- AUTO_INCREMENT for table `teachers`
--
ALTER TABLE `teachers`
  MODIFY `id` int(11) NOT NULL AUTO_INCREMENT, AUTO_INCREMENT=15;

--
-- Constraints for dumped tables
--

--
-- Constraints for table `classes`
--
ALTER TABLE `classes`
  ADD CONSTRAINT `classes_ibfk_1` FOREIGN KEY (`teacher_id`) REFERENCES `teachers` (`id`) ON DELETE CASCADE;

--
-- Constraints for table `class_students`
--
ALTER TABLE `class_students`
  ADD CONSTRAINT `class_students_ibfk_1` FOREIGN KEY (`class_id`) REFERENCES `classes` (`id`) ON DELETE CASCADE,
  ADD CONSTRAINT `class_students_ibfk_2` FOREIGN KEY (`student_id`) REFERENCES `students` (`id`) ON DELETE CASCADE;
COMMIT;

/*!40101 SET CHARACTER_SET_CLIENT=@OLD_CHARACTER_SET_CLIENT */;
/*!40101 SET CHARACTER_SET_RESULTS=@OLD_CHARACTER_SET_RESULTS */;
/*!40101 SET COLLATION_CONNECTION=@OLD_COLLATION_CONNECTION */;
